{
  "customer_id": 0.7401262642713233,
  "recency": 0.010767033407618164,
  "monthly_avg": 0.006324437845868922,
  "support_calls": 0.1633995133873973,
  "payment_delay": 0.07938275108779229
}