{
  "classification_report": {
    "0.0": {
      "precision": 1.0,
      "recall": 0.875,
      "f1-score": 0.9333333333333333,
      "support": 8.0
    },
    "1.0": {
      "precision": 0.9230769230769231,
      "recall": 1.0,
      "f1-score": 0.96,
      "support": 12.0
    },
    "accuracy": 0.95,
    "macro avg": {
      "precision": 0.9615384615384616,
      "recall": 0.9375,
      "f1-score": 0.9466666666666667,
      "support": 20.0
    },
    "weighted avg": {
      "precision": 0.9538461538461538,
      "recall": 0.95,
      "f1-score": 0.9493333333333333,
      "support": 20.0
    }
  },
  "ltv_rmse": 198.98765196286874
}